date,value
1997-05-12,0.0864579975605011
1997-05-19,0.07500000298023224
1997-05-26,0.07500000298023224
1997-06-02,0.08281300216913223
1997-06-09,0.07916700094938278
1997-06-16,0.07630199939012527
1997-06-23,0.07447899878025055
1997-06-30,0.09557300060987473
1997-07-07,0.11458300054073334
1997-07-14,0.10781300067901611
1997-07-21,0.11145800352096558
1997-07-28,0.12083300203084946
1997-08-04,0.11458300054073334
1997-08-11,0.10572899878025055
1997-08-18,0.10625000298023224
1997-08-25,0.11692699790000916
1997-09-01,0.125
1997-09-08,0.18437500298023224
1997-09-15,0.19739599525928497
1997-09-22,0.20833300054073334
1997-09-29,0.20078100264072418
1997-10-06,0.19505199790000916
1997-10-13,0.18125000596046448
1997-10-20,0.25130200386047363
1997-10-27,0.25416699051856995
1997-11-03,0.22395800054073334
1997-11-10,0.20833300054073334
1997-11-17,0.22447900474071503
1997-11-24,0.20624999701976776
1997-12-01,0.22968800365924835
1997-12-08,0.2270829975605011
1997-12-15,0.22499999403953552
1997-12-22,0.2260420024394989
1997-12-29,0.24791699647903442
1998-01-05,0.21302099525928497
1998-01-12,0.23958300054073334
1998-01-19,0.24687500298023224
1998-01-26,0.24583299458026886
1998-02-02,0.24531300365924835
1998-02-09,0.2593750059604645
1998-02-16,0.2635419964790344
1998-02-23,0.3208329975605011
1998-03-02,0.3197920024394989
1998-03-09,0.32786500453948975
1998-03-16,0.3499999940395355
1998-03-23,0.35416701436042786
1998-03-30,0.38749998807907104
1998-04-06,0.3968749940395355
1998-04-13,0.39531299471855164
1998-04-20,0.35364601016044617
1998-04-27,0.39375001192092896
1998-05-04,0.38489601016044617
1998-05-11,0.3734380006790161
1998-05-18,0.3583329916000366
1998-05-25,0.3671880066394806
1998-06-01,0.3687500059604645
1998-06-08,0.5083330273628235
1998-06-15,0.6317710280418396
1998-06-22,0.7854170203208923
1998-06-29,1.0333329439163208
1998-07-06,0.8291670083999634
1998-07-13,0.9984380006790161
1998-07-20,1.0354169607162476
1998-07-27,0.9239580035209656
1998-08-03,0.9666669964790344
1998-08-10,1.0229170322418213
1998-08-17,1.0807290077209473
1998-08-24,0.8824219703674316
1998-08-31,0.71875
1998-09-07,0.6338539719581604
1998-09-14,0.6640629768371582
1998-09-21,0.9104170203208923
1998-09-28,0.918749988079071
1998-10-05,0.7598959803581238
1998-10-12,0.8286460041999817
1998-10-19,0.9677079916000366
1998-10-26,1.0536459684371948
1998-11-02,1.0380209684371948
1998-11-09,1.0645829439163208
1998-11-16,1.5052080154418945
1998-11-23,1.8052079677581787
1998-11-30,1.5708329677581787
1998-12-07,1.8583329916000366
1998-12-14,2.3890628814697266
1998-12-21,2.706770896911621
1998-12-28,2.6770830154418945
1999-01-04,4.006249904632568
1999-01-11,3.5093750953674316
1999-01-18,3.075000047683716
1999-01-25,2.92343807220459
1999-02-01,2.8968749046325684
1999-02-08,2.612499952316284
1999-02-15,2.546875
1999-02-22,3.203125
1999-03-01,3.0374999046325684
1999-03-08,3.332813024520874
1999-03-15,3.37656307220459
1999-03-22,3.476562976837158
1999-03-29,4.275000095367432
1999-04-05,4.571875095367432
1999-04-12,4.75
1999-04-19,5.253125190734863
1999-04-26,4.301562786102295
1999-05-03,3.409374952316284
1999-05-10,3.309375047683716
1999-05-17,3.2140629291534424
1999-05-24,2.96875
1999-05-31,2.710937976837158
1999-06-07,2.645313024520874
1999-06-14,2.78281307220459
1999-06-21,2.754688024520874
1999-06-28,3.101562976837158
1999-07-05,3.137500047683716
1999-07-12,3.440624952316284
1999-07-19,2.864063024520874
1999-07-26,2.50156307220459
1999-08-02,2.239063024520874
1999-08-09,2.4359378814697266
1999-08-16,2.835937976837158
1999-08-23,3.2125000953674316
1999-08-30,3.121875047683716
1999-09-06,3.325000047683716
1999-09-13,3.190624952316284
1999-09-20,3.25
1999-09-27,3.862499952316284
1999-10-04,4.462500095367432
1999-10-11,3.753124952316284
1999-10-18,3.9312500953674316
1999-10-25,3.53125
1999-11-01,3.246875047683716
1999-11-08,3.746875047683716
1999-11-15,3.8968749046325684
1999-11-22,4.65625
1999-11-29,4.328125
1999-12-06,5.334374904632568
1999-12-13,4.703125
1999-12-20,4.5
1999-12-27,3.8062500953674316
2000-01-03,3.4781250953674316
2000-01-10,3.2125000953674316
2000-01-17,3.1031250953674316
2000-01-24,3.0843749046325684
2000-01-31,3.9281249046325684
2000-02-07,3.809375047683716
2000-02-14,3.237499952316284
2000-02-21,3.456249952316284
2000-02-28,3.125
2000-03-06,3.34375
2000-03-13,3.2406249046325684
2000-03-20,3.6343750953674316
2000-03-27,3.3499999046325684
2000-04-03,3.378124952316284
2000-04-10,2.34375
2000-04-17,2.6187500953674316
2000-04-24,2.7593750953674316
2000-05-01,2.924999952316284
2000-05-08,2.6875
2000-05-15,2.6312499046325684
2000-05-22,2.325000047683716
2000-05-29,2.893749952316284
2000-06-05,2.609375
2000-06-12,2.299999952316284
2000-06-19,1.693750023841858
2000-06-26,1.8156249523162842
2000-07-03,1.806249976158142
2000-07-10,2.1312499046325684
2000-07-17,2.0562500953674316
2000-07-24,1.5
2000-07-31,1.625
2000-08-07,1.6843750476837158
2000-08-14,1.9500000476837158
2000-08-21,1.9968750476837158
2000-08-28,2.075000047683716
2000-09-04,2.1468749046325684
2000-09-11,2.1812500953674316
2000-09-18,2.0718750953674316
2000-09-25,1.921875
2000-10-02,1.578125
2000-10-09,1.421875
2000-10-16,1.540624976158142
2000-10-23,1.78125
2000-10-30,1.8781249523162842
2000-11-06,1.5031249523162842
2000-11-13,1.3718750476837158
2000-11-20,1.446874976158142
2000-11-27,1.2312500476837158
2000-12-04,1.171875
2000-12-11,1.1437499523162842
2000-12-18,0.778124988079071
2000-12-25,0.778124988079071
2001-01-01,0.7281249761581421
2001-01-08,0.8843749761581421
2001-01-15,0.996874988079071
2001-01-22,0.9750000238418579
2001-01-29,0.71875
2001-02-05,0.668749988079071
2001-02-12,0.684374988079071
2001-02-19,0.590624988079071
2001-02-26,0.5
2001-03-05,0.612500011920929
2001-03-12,0.550000011920929
2001-03-19,0.5093749761581421
2001-03-26,0.5115000009536743
2001-04-02,0.41850000619888306
2001-04-09,0.7335000038146973
2001-04-16,0.7889999747276306
2001-04-23,0.7634999752044678
2001-04-30,0.878000020980835
2001-05-07,0.734000027179718
2001-05-14,0.7360000014305115
2001-05-21,0.8544999957084656
2001-05-28,0.8475000262260437
2001-06-04,0.7850000262260437
2001-06-11,0.6244999766349792
2001-06-18,0.6200000047683716
2001-06-25,0.7074999809265137
2001-07-02,0.7634999752044678
2001-07-09,0.8489999771118164
2001-07-16,0.8489999771118164
2001-07-23,0.612500011920929
2001-07-30,0.6075000166893005
2001-08-06,0.4975000023841858
2001-08-13,0.49950000643730164
2001-08-20,0.5115000009536743
2001-08-27,0.44699999690055847
2001-09-03,0.4255000054836273
2001-09-10,0.43149998784065247
2001-09-17,0.37400001287460327
2001-09-24,0.2985000014305115
2001-10-01,0.36000001430511475
2001-10-08,0.4034999907016754
2001-10-15,0.40049999952316284
2001-10-22,0.3779999911785126
2001-10-29,0.33550000190734863
2001-11-05,0.35600000619888306
2001-11-12,0.44749999046325684
2001-11-19,0.45399999618530273
2001-11-26,0.5659999847412109
2001-12-03,0.5855000019073486
2001-12-10,0.550000011920929
2001-12-17,0.5
2001-12-24,0.5450000166893005
2001-12-31,0.612500011920929
2002-01-07,0.5515000224113464
2002-01-14,0.5080000162124634
2002-01-21,0.722000002861023
2002-01-28,0.6865000128746033
2002-02-04,0.6259999871253967
2002-02-11,0.6704999804496765
2002-02-18,0.6535000205039978
2002-02-25,0.7695000171661377
2002-03-04,0.8174999952316284
2002-03-11,0.7014999985694885
2002-03-18,0.7764999866485596
2002-03-25,0.7149999737739563
2002-04-01,0.675000011920929
2002-04-08,0.6654999852180481
2002-04-15,0.7264999747276306
2002-04-22,0.8454999923706055
2002-04-29,0.8025000095367432
2002-05-06,0.847000002861023
2002-05-13,0.9580000042915344
2002-05-20,0.9735000133514404
2002-05-27,0.9114999771118164
2002-06-03,0.9290000200271606
2002-06-10,0.8410000205039978
2002-06-17,0.8765000104904175
2002-06-24,0.8125
2002-07-01,0.7605000138282776
2002-07-08,0.7714999914169312
2002-07-15,0.7645000219345093
2002-07-22,0.6464999914169312
2002-07-29,0.6919999718666077
2002-08-05,0.7129999995231628
2002-08-12,0.7450000047683716
2002-08-19,0.7584999799728394
2002-08-26,0.746999979019165
2002-09-02,0.765500009059906
2002-09-09,0.8305000066757202
2002-09-16,0.7929999828338623
2002-09-23,0.8504999876022339
2002-09-30,0.8274999856948853
2002-10-07,0.9229999780654907
2002-10-14,0.9520000219345093
2002-10-21,0.9649999737739563
2002-10-28,0.9900000095367432
2002-11-04,0.9754999876022339
2002-11-11,1.1104999780654907
2002-11-18,1.1994999647140503
2002-11-25,1.1675000190734863
2002-12-02,1.1304999589920044
2002-12-09,1.1089999675750732
2002-12-16,1.096500039100647
2002-12-23,0.9430000185966492
2002-12-30,1.0260000228881836
2003-01-06,1.065999984741211
2003-01-13,1.0700000524520874
2003-01-20,1.1054999828338623
2003-01-27,1.0924999713897705
2003-02-03,1.0720000267028809
2003-02-10,1.003000020980835
2003-02-17,1.0889999866485596
2003-02-24,1.1004999876022339
2003-03-03,1.1484999656677246
2003-03-10,1.2354999780654907
2003-03-17,1.3964999914169312
2003-03-24,1.3589999675750732
2003-03-31,1.3109999895095825
2003-04-07,1.287500023841858
2003-04-14,1.249500036239624
2003-04-21,1.4485000371932983
2003-04-28,1.471500039100647
2003-05-05,1.5479999780654907
2003-05-12,1.652500033378601
2003-05-19,1.6360000371932983
2003-05-26,1.7944999933242798
2003-06-02,1.6675000190734863
2003-06-09,1.7065000534057617
2003-06-16,1.7519999742507935
2003-06-23,1.815000057220459
2003-06-30,1.8960000276565552
2003-07-07,1.8825000524520874
2003-07-14,1.7489999532699585
2003-07-21,2.0799999237060547
2003-07-28,2.001499891281128
2003-08-04,1.9574999809265137
2003-08-11,2.005000114440918
2003-08-18,2.260999917984009
2003-08-25,2.315999984741211
2003-09-01,2.3259999752044678
2003-09-08,2.2839999198913574
2003-09-15,2.378999948501587
2003-09-22,2.427999973297119
2003-09-29,2.6445000171661377
2003-10-06,2.9030001163482666
2003-10-13,2.984499931335449
2003-10-20,2.7255001068115234
2003-10-27,2.7214999198913574
2003-11-03,2.7155001163482666
2003-11-10,2.622499942779541
2003-11-17,2.428999900817871
2003-11-24,2.698499917984009
2003-12-01,2.578000068664551
2003-12-08,2.549499988555908
2003-12-15,2.4619998931884766
2003-12-22,2.6735000610351562
2003-12-29,2.5950000286102295
2004-01-05,2.5794999599456787
2004-01-12,2.7860000133514404
2004-01-19,2.8554999828338623
2004-01-26,2.5199999809265137
2004-02-02,2.317500114440918
2004-02-09,2.319000005722046
2004-02-16,2.258500099182129
2004-02-23,2.1505000591278076
2004-03-01,2.2044999599456787
2004-03-08,2.121999979019165
2004-03-15,2.140000104904175
2004-03-22,2.0850000381469727
2004-03-29,2.304500102996826
2004-04-05,2.4049999713897705
2004-04-12,2.2750000953674316
2004-04-19,2.314500093460083
2004-04-26,2.180000066757202
2004-05-03,2.0950000286102295
2004-05-10,2.1524999141693115
2004-05-17,2.058500051498413
2004-05-24,2.424999952316284
2004-05-31,2.547499895095825
2004-06-07,2.496999979019165
2004-06-14,2.4800000190734863
2004-06-21,2.5899999141693115
2004-06-28,2.629499912261963
2004-07-05,2.4159998893737793
2004-07-12,2.3550000190734863
2004-07-19,1.9989999532699585
2004-07-26,1.9459999799728394
2004-08-02,1.7745000123977661
2004-08-09,1.80649995803833
2004-08-16,1.9754999876022339
2004-08-23,1.9950000047683716
2004-08-30,1.937000036239624
2004-09-06,1.9285000562667847
2004-09-13,2.1480000019073486
2004-09-20,2.046999931335449
2004-09-27,2.0234999656677246
2004-10-04,2.0
2004-10-11,1.9275000095367432
2004-10-18,1.7300000190734863
2004-10-25,1.7065000534057617
2004-11-01,1.8279999494552612
2004-11-08,2.0230000019073486
2004-11-15,1.9275000095367432
2004-11-22,1.9544999599456787
2004-11-29,2.004499912261963
2004-12-06,1.9524999856948853
2004-12-13,2.000499963760376
2004-12-20,1.9464999437332153
2004-12-27,2.2144999504089355
2005-01-03,2.115999937057495
2005-01-10,2.2274999618530273
2005-01-17,2.058000087738037
2005-01-24,2.1110000610351562
2005-01-31,1.7860000133514404
2005-02-07,1.7890000343322754
2005-02-14,1.7654999494552612
2005-02-21,1.749500036239624
2005-02-28,1.7925000190734863
2005-03-07,1.7374999523162842
2005-03-14,1.7079999446868896
2005-03-21,1.6440000534057617
2005-03-28,1.7005000114440918
2005-04-04,1.7300000190734863
2005-04-11,1.6510000228881836
2005-04-18,1.6519999504089355
2005-04-25,1.6180000305175781
2005-05-02,1.7259999513626099
2005-05-09,1.6950000524520874
2005-05-16,1.774999976158142
2005-05-23,1.774999976158142
2005-05-30,1.7795000076293945
2005-06-06,1.747499942779541
2005-06-13,1.7654999494552612
2005-06-20,1.7510000467300415
2005-06-27,1.6454999446868896
2005-07-04,1.7369999885559082
2005-07-11,1.8574999570846558
2005-07-18,1.8975000381469727
2005-07-25,2.257499933242798
2005-08-01,2.2634999752044678
2005-08-08,2.2100000381469727
2005-08-15,2.186000108718872
2005-08-22,2.118499994277954
2005-08-29,2.075500011444092
2005-09-05,2.1475000381469727
2005-09-12,2.140000104904175
2005-09-19,2.109499931335449
2005-09-26,2.265000104904175
2005-10-03,2.186000108718872
2005-10-10,2.189500093460083
2005-10-17,2.297499895095825
2005-10-24,1.9474999904632568
2005-10-31,2.054500102996826
2005-11-07,2.134000062942505
2005-11-14,2.3989999294281006
2005-11-21,2.4030001163482666
2005-11-28,2.453000068664551
2005-12-05,2.437000036239624
2005-12-12,2.4605000019073486
2005-12-19,2.4609999656677246
2005-12-26,2.3575000762939453
2006-01-02,2.3935000896453857
2006-01-09,2.2200000286102295
2006-01-16,2.196000099182129
2006-01-23,2.260999917984009
2006-01-30,1.9164999723434448
2006-02-06,1.9259999990463257
2006-02-13,1.9594999551773071
2006-02-20,1.9175000190734863
2006-02-27,1.8604999780654907
2006-03-06,1.8109999895095825
2006-03-13,1.7994999885559082
2006-03-20,1.7734999656677246
2006-03-27,1.8265000581741333
2006-04-03,1.8545000553131104
2006-04-10,1.8309999704360962
2006-04-17,1.8014999628067017
2006-04-24,1.7604999542236328
2006-05-01,1.7519999742507935
2006-05-08,1.6365000009536743
2006-05-15,1.6970000267028809
2006-05-22,1.8035000562667847
2006-05-29,1.7380000352859497
2006-06-05,1.6890000104904175
2006-06-12,1.7545000314712524
2006-06-19,1.8274999856948853
2006-06-26,1.934000015258789
2006-07-03,1.8055000305175781
2006-07-10,1.6460000276565552
2006-07-17,1.659500002861023
2006-07-24,1.3585000038146973
2006-07-31,1.3645000457763672
2006-08-07,1.3035000562667847
2006-08-14,1.4559999704360962
2006-08-21,1.4014999866485596
2006-08-28,1.5880000591278076
2006-09-04,1.5255000591278076
2006-09-11,1.6260000467300415
2006-09-18,1.5420000553131104
2006-09-25,1.6059999465942383
2006-10-02,1.6295000314712524
2006-10-09,1.6660000085830688
2006-10-16,1.628499984741211
2006-10-23,1.9119999408721924
2006-10-30,1.8730000257492065
2006-11-06,1.9630000591278076
2006-11-13,2.127500057220459
2006-11-20,2.120500087738037
2006-11-27,1.9704999923706055
2006-12-04,1.9229999780654907
2006-12-11,2.000499963760376
2006-12-18,2.01200008392334
2006-12-25,1.9730000495910645
2007-01-01,1.9184999465942383
2007-01-08,1.909999966621399
2007-01-15,1.8509999513626099
2007-01-22,1.8424999713897705
2007-01-29,1.8695000410079956
2007-02-05,1.9359999895095825
2007-02-12,2.0164999961853027
2007-02-19,2.0390000343322754
2007-02-26,1.8845000267028809
2007-03-05,1.9420000314712524
2007-03-12,1.8925000429153442
2007-03-19,1.9490000009536743
2007-03-26,1.9895000457763672
2007-04-02,2.0840001106262207
2007-04-09,2.120500087738037
2007-04-16,2.247499942779541
2007-04-23,3.130000114440918
2007-04-30,3.1614999771118164
2007-05-07,3.078000068664551
2007-05-14,3.1649999618530273
2007-05-21,3.427500009536743
2007-05-28,3.428999900817871
2007-06-04,3.6619999408721924
2007-06-11,3.619999885559082
2007-06-18,3.443000078201294
2007-06-25,3.4205000400543213
2007-07-02,3.448499917984009
2007-07-09,3.755000114440918
2007-07-16,3.5815000534057617
2007-07-23,4.202000141143799
2007-07-30,3.8399999141693115
2007-08-06,3.739000082015991
2007-08-13,3.750999927520752
2007-08-20,3.9625000953674316
2007-08-27,3.995500087738037
2007-09-03,4.22599983215332
2007-09-10,4.388500213623047
2007-09-17,4.565000057220459
2007-09-24,4.65749979019165
2007-10-01,4.671500205993652
2007-10-08,4.618500232696533
2007-10-15,4.48799991607666
2007-10-22,4.5
2007-10-29,4.298999786376953
2007-11-05,3.944499969482422
2007-11-12,3.930000066757202
2007-11-19,4.071499824523926
2007-11-26,4.5279998779296875
2007-12-03,4.7154998779296875
2007-12-10,4.453999996185303
2007-12-17,4.563000202178955
2007-12-24,4.722499847412109
2007-12-31,4.439499855041504
2008-01-07,4.053999900817871
2008-01-14,3.98799991607666
2008-01-21,3.880000114440918
2008-01-28,3.7314999103546143
2008-02-04,3.674999952316284
2008-02-11,3.6480000019073486
2008-02-18,3.6040000915527344
2008-02-25,3.2235000133514404
2008-03-03,3.2044999599456787
2008-03-10,3.4110000133514404
2008-03-17,3.6594998836517334
2008-03-24,3.48799991607666
2008-03-31,3.8434998989105225
2008-04-07,3.5994999408721924
2008-04-14,4.005000114440918
2008-04-21,4.043000221252441
2008-04-28,3.865499973297119
2008-05-05,3.620500087738037
2008-05-12,3.822999954223633
2008-05-19,3.9175000190734863
2008-05-26,4.080999851226807
2008-06-02,4.031499862670898
2008-06-09,3.9584999084472656
2008-06-16,4.054999828338623
2008-06-23,3.7330000400543213
2008-06-30,3.5999999046325684
2008-07-07,3.427000045776367
2008-07-14,3.4560000896453857
2008-07-21,3.9154999256134033
2008-07-28,3.7874999046325684
2008-08-04,4.0254998207092285
2008-08-11,4.320000171661377
2008-08-18,4.263000011444092
2008-08-25,4.040500164031982
2008-09-01,3.9595000743865967
2008-09-08,3.9149999618530273
2008-09-15,4.050000190734863
2008-09-22,3.5350000858306885
2008-09-29,3.3499999046325684
2008-10-06,2.8125
2008-10-13,2.5325000286102295
2008-10-20,2.447999954223633
2008-10-27,2.861999988555908
2008-11-03,2.4605000019073486
2008-11-10,2.0875000953674316
2008-11-17,1.8934999704360962
2008-11-24,2.134999990463257
2008-12-01,2.4130001068115234
2008-12-08,2.5625
2008-12-15,2.578000068664551
2008-12-22,2.5889999866485596
2008-12-29,2.7179999351501465
2009-01-05,2.7755000591278076
2009-01-12,2.5794999599456787
2009-01-19,2.5315001010894775
2009-01-26,2.940999984741211
2009-02-02,3.327500104904175
2009-02-09,3.1630001068115234
2009-02-16,3.193000078201294
2009-02-23,3.239500045776367
2009-03-02,3.0845000743865967
2009-03-09,3.43149995803833
2009-03-16,3.497999906539917
2009-03-23,3.5260000228881836
2009-03-30,3.9084999561309814
2009-04-06,3.9885001182556152
2009-04-13,3.9024999141693115
2009-04-20,4.2230000495910645
2009-04-27,3.947999954223633
2009-05-04,3.8975000381469727
2009-05-11,3.680000066757202
2009-05-18,3.7820000648498535
2009-05-25,3.8994998931884766
2009-06-01,4.377999782562256
2009-06-08,4.203999996185303
2009-06-15,4.1479997634887695
2009-06-22,4.193999767303467
2009-06-29,3.9660000801086426
2009-07-06,3.881500005722046
2009-07-13,4.292500019073486
2009-07-20,4.32450008392334
2009-07-27,4.288000106811523
2009-08-03,4.265999794006348
2009-08-10,4.178999900817871
2009-08-17,4.25
2009-08-24,4.138000011444092
2009-08-31,3.94350004196167
2009-09-07,4.2270002365112305
2009-09-14,4.513999938964844
2009-09-21,4.526000022888184
2009-09-28,4.492499828338623
2009-10-05,4.7855000495910645
2009-10-12,4.765999794006348
2009-10-19,5.924499988555908
2009-10-26,5.940499782562256
2009-11-02,6.309999942779541
2009-11-09,6.648499965667725
2009-11-16,6.482999801635742
2009-11-23,6.586999893188477
2009-11-30,6.879000186920166
2009-12-07,6.707499980926514
2009-12-14,6.423999786376953
2009-12-21,6.923500061035156
2009-12-28,6.72599983215332
2010-01-04,6.676000118255615
2010-01-11,6.35699987411499
2010-01-18,6.071499824523926
2010-01-25,6.270500183105469
2010-02-01,5.869500160217285
2010-02-08,5.982999801635742
2010-02-15,5.875999927520752
2010-02-22,5.920000076293945
2010-03-01,6.445499897003174
2010-03-08,6.591000080108643
2010-03-15,6.517499923706055
2010-03-22,6.752999782562256
2010-03-29,6.5904998779296875
2010-04-05,7.002999782562256
2010-04-12,7.108500003814697
2010-04-19,7.18149995803833
2010-04-26,6.855000019073486
2010-05-03,6.249000072479248
2010-05-10,6.426499843597412
2010-05-17,6.136000156402588
2010-05-24,6.2729997634887695
2010-05-31,6.138500213623047
2010-06-07,6.151500225067139
2010-06-14,6.291500091552734
2010-06-21,6.050000190734863
2010-06-28,5.456999778747559
2010-07-05,5.86299991607666
2010-07-12,5.924499988555908
2010-07-19,5.94350004196167
2010-07-26,5.894499778747559
2010-08-02,6.415999889373779
2010-08-09,6.234499931335449
2010-08-16,6.388000011444092
2010-08-23,6.331999778747559
2010-08-30,6.939499855041504
2010-09-06,7.122000217437744
2010-09-13,7.415999889373779
2010-09-20,8.036499977111816
2010-09-27,7.685500144958496
2010-10-04,7.777500152587891
2010-10-11,8.232000350952148
2010-10-18,8.456500053405762
2010-10-25,8.261500358581543
2010-11-01,8.53849983215332
2010-11-08,8.284000396728516
2010-11-15,8.241000175476074
2010-11-22,8.859999656677246
2010-11-29,8.784000396728516
2010-12-06,8.781000137329102
2010-12-13,8.878999710083008
2010-12-20,9.129500389099121
2010-12-27,9.0
2011-01-03,9.274499893188477
2011-01-10,9.4375
2011-01-17,8.871000289916992
2011-01-24,8.557000160217285
2011-01-31,8.796500205993652
2011-02-07,9.462499618530273
2011-02-14,9.324999809265137
2011-02-21,8.862000465393066
2011-02-28,8.583499908447266
2011-03-07,8.403499603271484
2011-03-14,8.090999603271484
2011-03-21,8.548999786376953
2011-03-28,9.006500244140625
2011-04-04,9.23550033569336
2011-04-11,9.000499725341797
2011-04-18,9.294500350952148
2011-04-25,9.790499687194824
2011-05-02,9.880000114440918
2011-05-09,10.128000259399414
2011-05-16,9.932499885559082
2011-05-23,9.706500053405762
2011-05-30,9.416000366210938
2011-06-06,9.326499938964844
2011-06-13,9.318499565124512
2011-06-20,9.6274995803833
2011-06-27,10.474499702453613
2011-07-04,10.913999557495117
2011-07-11,10.643500328063965
2011-07-18,10.826000213623047
2011-07-25,11.12600040435791
2011-08-01,10.135000228881836
2011-08-08,10.114999771118164
2011-08-15,8.946499824523926
2011-08-22,9.963500022888184
2011-08-29,10.5
2011-09-05,10.569499969482422
2011-09-12,11.96500015258789
2011-09-19,11.180500030517578
2011-09-26,10.81149959564209
2011-10-03,11.237000465393066
2011-10-10,12.33549976348877
2011-10-17,11.73900032043457
2011-10-24,10.866000175476074
2011-10-31,10.824000358581543
2011-11-07,10.869500160217285
2011-11-14,9.857000350952148
2011-11-21,9.119999885559082
2011-11-28,9.80150032043457
2011-12-05,9.65149974822998
2011-12-12,9.062999725341797
2011-12-19,8.86400032043457
2011-12-26,8.654999732971191
2012-01-02,9.130499839782715
2012-01-09,8.920999526977539
2012-01-16,9.546500205993652
2012-01-23,9.768500328063965
2012-01-30,9.383999824523926
2012-02-06,9.277000427246094
2012-02-13,9.125
2012-02-20,8.956500053405762
2012-02-27,8.96500015258789
2012-03-05,9.215999603271484
2012-03-12,9.2524995803833
2012-03-19,9.751999855041504
2012-03-26,10.125499725341797
2012-04-02,9.719499588012695
2012-04-09,9.42300033569336
2012-04-16,9.49899959564209
2012-04-23,11.342499732971191
2012-04-30,11.19950008392334
2012-05-07,11.383999824523926
2012-05-14,10.692500114440918
2012-05-21,10.644499778747559
2012-05-28,10.41100025177002
2012-06-04,10.923999786376953
2012-06-11,10.917499542236328
2012-06-18,11.107999801635742
2012-06-25,11.417499542236328
2012-07-02,11.2524995803833
2012-07-09,10.919500350952148
2012-07-16,11.41450023651123
2012-07-23,11.866000175476074
2012-07-30,11.748499870300293
2012-08-06,11.637499809265137
2012-08-13,12.058500289916992
2012-08-20,12.286999702453613
2012-08-27,12.41349983215332
2012-09-03,12.956999778747559
2012-09-10,13.06350040435791
2012-09-17,12.873499870300293
2012-09-24,12.715999603271484
2012-10-01,12.92549991607666
2012-10-08,12.118000030517578
2012-10-15,12.0
2012-10-22,11.911999702453613
2012-10-29,11.621000289916992
2012-11-05,11.315500259399414
2012-11-12,11.261500358581543
2012-11-19,11.994000434875488
2012-11-26,12.602499961853027
2012-12-03,12.66349983215332
2012-12-10,12.459500312805176
2012-12-17,12.845999717712402
2012-12-24,12.258999824523926
2012-12-31,12.957500457763672
2013-01-07,13.397000312805176
2013-01-14,13.605999946594238
2013-01-21,14.19950008392334
2013-01-28,13.25
2013-02-04,13.09749984741211
2013-02-11,13.254500389099121
2013-02-18,13.270999908447266
2013-02-25,13.286999702453613
2013-03-04,13.709500312805176
2013-03-11,13.090999603271484
2013-03-18,12.887499809265137
2013-03-25,13.32450008392334
2013-04-01,12.77400016784668
2013-04-08,13.643500328063965
2013-04-15,13.015999794006348
2013-04-22,12.740500450134277
2013-04-29,12.90250015258789
2013-05-06,13.181500434875488
2013-05-13,13.494999885559082
2013-05-20,13.086999893188477
2013-05-27,13.460000038146973
2013-06-03,13.843500137329102
2013-06-10,13.69950008392334
2013-06-17,13.668000221252441
2013-06-24,13.884499549865723
2013-07-01,14.293999671936035
2013-07-08,15.3774995803833
2013-07-15,15.261500358581543
2013-07-22,15.600500106811523
2013-07-29,15.21049976348877
2013-08-05,14.86299991607666
2013-08-12,14.241000175476074
2013-08-19,14.500499725341797
2013-08-26,14.048999786376953
2013-09-02,14.793000221252441
2013-09-09,14.895999908447266
2013-09-16,15.817000389099121
2013-09-23,15.80049991607666
2013-09-30,15.95199966430664
2013-10-07,15.544500350952148
2013-10-14,16.446500778198242
2013-10-21,18.16950035095215
2013-10-28,17.950000762939453
2013-11-04,17.515499114990234
2013-11-11,18.458499908447266
2013-11-18,18.61549949645996
2013-11-25,19.680999755859375
2013-12-02,19.34749984741211
2013-12-09,19.211999893188477
2013-12-16,20.110000610351562
2013-12-23,19.90399932861328
2013-12-30,19.82200050354004
2014-01-06,19.882999420166016
2014-01-13,19.980499267578125
2014-01-20,19.3799991607666
2014-01-27,17.934499740600586
2014-02-03,18.054000854492188
2014-02-10,17.86750030517578
2014-02-17,17.33799934387207
2014-02-24,18.104999542236328
2014-03-03,18.60300064086914
2014-03-10,18.687000274658203
2014-03-17,18.0310001373291
2014-03-24,16.914499282836914
2014-03-31,16.149999618530273
2014-04-07,15.58650016784668
2014-04-14,16.245500564575195
2014-04-21,15.191499710083008
2014-04-28,15.400500297546387
2014-05-05,14.612000465393066
2014-05-12,14.885000228881836
2014-05-19,15.612000465393066
2014-05-26,15.6274995803833
2014-06-02,16.48349952697754
2014-06-09,16.313499450683594
2014-06-16,16.209999084472656
2014-06-23,16.228500366210938
2014-06-30,16.874500274658203
2014-07-07,17.309999465942383
2014-07-14,17.933000564575195
2014-07-21,16.20050048828125
2014-07-28,15.352999687194824
2014-08-04,15.84000015258789
2014-08-11,16.681499481201172
2014-08-18,16.579500198364258
2014-08-25,16.95199966430664
2014-09-01,17.319000244140625
2014-09-08,16.559499740600586
2014-09-15,16.56599998474121
2014-09-22,16.160499572753906
2014-09-29,16.136999130249023
2014-10-06,15.569499969482422
2014-10-13,15.182000160217285
2014-10-20,14.352999687194824
2014-10-27,15.27299976348877
2014-11-03,14.993000030517578
2014-11-10,16.391000747680664
2014-11-17,16.631500244140625
2014-11-24,16.93199920654297
2014-12-01,15.631500244140625
2014-12-08,15.366000175476074
2014-12-15,14.994999885559082
2014-12-22,15.454500198364258
2014-12-29,15.425999641418457
2015-01-05,14.846500396728516
2015-01-12,14.536999702453613
2015-01-19,15.619500160217285
2015-01-26,17.726499557495117
2015-02-02,18.714000701904297
2015-02-09,19.09149932861328
2015-02-16,19.183000564575195
2015-02-23,19.007999420166016
2015-03-02,19.004499435424805
2015-03-09,18.52899932861328
2015-03-16,18.92449951171875
2015-03-23,18.527999877929688
2015-03-30,18.612499237060547
2015-04-06,19.13249969482422
2015-04-13,18.777999877929688
2015-04-20,22.2549991607666
2015-04-27,21.14349937438965
2015-05-04,21.684499740600586
2015-05-11,21.299999237060547
2015-05-18,21.381500244140625
2015-05-25,21.46150016784668
2015-06-01,21.34749984741211
2015-06-08,21.496000289916992
2015-06-15,21.746000289916992
2015-06-22,21.905000686645508
2015-06-29,21.885499954223633
2015-07-06,22.175500869750977
2015-07-13,24.15049934387207
2015-07-20,26.47100067138672
2015-07-27,26.8075008392334
2015-08-03,26.131000518798828
2015-08-10,26.576000213623047
2015-08-17,24.723499298095703
2015-08-24,25.90049934387207
2015-08-31,24.950000762939453
2015-09-07,26.472000122070312
2015-09-14,27.01300048828125
2015-09-21,26.212499618530273
2015-09-28,26.62700080871582
2015-10-05,26.989999771118164
2015-10-12,28.538000106811523
2015-10-19,29.951499938964844
2015-10-26,31.295000076293945
2015-11-02,32.96849822998047
2015-11-09,32.11750030517578
2015-11-16,33.42250061035156
2015-11-23,33.66299819946289
2015-11-30,33.63199996948242
2015-12-07,32.00749969482422
2015-12-14,33.207000732421875
2015-12-21,33.13949966430664
2015-12-28,33.794498443603516
2016-01-04,30.352500915527344
2016-01-11,28.509000778198242
2016-01-18,29.819000244140625
2016-01-25,29.350000381469727
2016-02-01,25.10650062561035
2016-02-08,25.354000091552734
2016-02-15,26.7450008392334
2016-02-22,27.761499404907227
2016-02-29,28.756999969482422
2016-03-07,28.480499267578125
2016-03-14,27.604000091552734
2016-03-21,29.147499084472656
2016-03-28,29.924999237060547
2016-04-04,29.729999542236328
2016-04-11,31.29450035095215
2016-04-18,31.024999618530273
2016-04-25,32.97949981689453
2016-05-02,33.6974983215332
2016-05-09,35.49599838256836
2016-05-16,35.13999938964844
2016-05-23,35.61199951171875
2016-05-30,36.277000427246094
2016-06-06,35.89550018310547
2016-06-13,35.31949996948242
2016-06-20,34.948001861572266
2016-06-27,36.284000396728516
2016-07-04,37.29050064086914
2016-07-11,36.77199935913086
2016-07-18,37.24300003051758
2016-07-25,37.94049835205078
2016-08-01,38.29899978637695
2016-08-08,38.62799835205078
2016-08-15,37.865501403808594
2016-08-22,38.45000076293945
2016-08-29,38.62200164794922
2016-09-05,38.00699996948242
2016-09-12,38.92599868774414
2016-09-19,40.287498474121094
2016-09-26,41.865501403808594
2016-10-03,41.971500396728516
2016-10-10,41.14799880981445
2016-10-17,40.949501037597656
2016-10-24,38.816001892089844
2016-10-31,37.752498626708984
2016-11-07,36.95050048828125
2016-11-14,38.007999420166016
2016-11-21,39.01850128173828
2016-11-28,37.016998291015625
2016-12-05,38.43299865722656
2016-12-12,37.88850021362305
2016-12-19,38.02949905395508
2016-12-26,37.493499755859375
2017-01-02,39.79949951171875
2017-01-09,40.856998443603516
2017-01-16,40.416500091552734
2017-01-23,41.78850173950195
2017-01-30,40.5099983215332
2017-02-06,41.37300109863281
2017-02-13,42.253501892089844
2017-02-20,42.262001037597656
2017-02-27,42.49399948120117
2017-03-06,42.62300109863281
2017-03-13,42.615501403808594
2017-03-20,42.28049850463867
2017-03-27,44.32699966430664
2017-04-03,44.74399948120117
2017-04-10,44.23350143432617
2017-04-17,44.92649841308594
2017-04-24,46.2495002746582
2017-05-01,46.70750045776367
2017-05-08,48.067501068115234
2017-05-15,47.992000579833984
2017-05-22,49.78900146484375
2017-05-29,50.33649826049805
2017-06-05,48.91550064086914
2017-06-12,49.385501861572266
2017-06-19,50.1870002746582
2017-06-26,48.400001525878906
2017-07-03,48.9379997253418
2017-07-10,50.09049987792969
2017-07-17,51.28350067138672
2017-07-24,51.00199890136719
2017-07-31,49.37900161743164
2017-08-07,48.39950180053711
2017-08-14,47.923500061035156
2017-08-21,47.26300048828125
2017-08-28,48.912498474121094
2017-09-04,48.29499816894531
2017-09-11,49.339500427246094
2017-09-18,47.755001068115234
2017-09-25,48.067501068115234
2017-10-02,49.479000091552734
2017-10-09,50.14699935913086
2017-10-16,49.14550018310547
2017-10-23,55.04750061035156
2017-10-30,55.58000183105469
2017-11-06,56.26750183105469
2017-11-13,56.49399948120117
2017-11-20,59.29999923706055
2017-11-27,58.11750030517578
2017-12-04,58.099998474121094
2017-12-11,58.957000732421875
2017-12-18,58.417999267578125
2017-12-25,58.4734992980957
2018-01-01,61.457000732421875
2018-01-08,65.26000213623047
2018-01-15,64.72899627685547
2018-01-22,70.10250091552734
2018-01-29,71.49749755859375
2018-02-05,66.9800033569336
2018-02-12,72.43450164794922
2018-02-19,75.0
2018-02-26,75.01249694824219
2018-03-05,78.94450378417969
2018-03-12,78.58399963378906
2018-03-19,74.77799987792969
2018-03-26,72.36699676513672
2018-04-02,70.2614974975586
2018-04-09,71.53949737548828
2018-04-16,76.37449645996094
2018-04-23,78.63099670410156
2018-04-30,79.04750061035156
2018-05-07,80.14550018310547
2018-05-14,78.71849822998047
2018-05-21,80.50749969482422
2018-05-28,82.0770034790039
2018-06-04,84.19950103759766
2018-06-11,85.79850006103516
2018-06-18,85.78350067138672
2018-06-25,84.98999786376953
2018-07-02,85.53150177001953
2018-07-09,90.65149688720703
2018-07-16,90.68499755859375
2018-07-23,90.8635025024414
2018-07-30,91.16449737548828
2018-08-06,94.31500244140625
2018-08-13,94.11100006103516
2018-08-20,95.26950073242188
2018-08-27,100.635498046875
2018-09-03,97.60350036621094
2018-09-10,98.5094985961914
2018-09-17,95.75050354003906
2018-09-24,100.1500015258789
2018-10-01,94.48249816894531
2018-10-08,89.43049621582031
2018-10-15,88.20149993896484
2018-10-22,82.1405029296875
2018-10-29,83.27649688720703
2018-11-05,85.62149810791016
2018-11-12,79.67050170898438
2018-11-19,75.10299682617188
2018-11-26,84.50849914550781
2018-12-03,81.45649719238281
2018-12-10,79.59549713134766
2018-12-17,68.87249755859375
2018-12-24,73.9010009765625
2018-12-31,78.76950073242188
2019-01-07,82.02799987792969
2019-01-14,84.80999755859375
2019-01-21,83.52850341796875
2019-01-28,81.3115005493164
2019-02-04,79.41100311279297
2019-02-11,80.39749908447266
2019-02-18,81.5780029296875
2019-02-25,83.58650207519531
2019-03-04,81.04000091552734
2019-03-11,85.61799621582031
2019-03-18,88.2385025024414
2019-03-25,89.0374984741211
2019-04-01,91.86399841308594
2019-04-08,92.15299987792969
2019-04-15,93.08450317382812
2019-04-22,97.53150177001953
2019-04-29,98.12300109863281
2019-05-06,94.4990005493164
2019-05-13,93.44999694824219
2019-05-20,91.16400146484375
2019-05-27,88.75350189208984
2019-06-03,90.20149993896484
2019-06-10,93.4834976196289
2019-06-17,95.56500244140625
2019-06-24,94.68150329589844
2019-07-01,97.14550018310547
2019-07-08,100.55000305175781
2019-07-15,98.22599792480469
2019-07-22,97.15249633789062
2019-07-29,91.16200256347656
2019-08-05,90.37899780273438
2019-08-12,89.62850189208984
2019-08-19,87.48100280761719
2019-08-26,88.81449890136719
2019-09-02,91.67549896240234
2019-09-09,91.96700286865234
2019-09-16,89.70800018310547
2019-09-23,86.27249908447266
2019-09-30,86.98249816894531
2019-10-07,86.59600067138672
2019-10-14,87.87550354003906
2019-10-21,88.06649780273438
2019-10-28,89.5719985961914
2019-11-04,89.29399871826172
2019-11-11,86.97450256347656
2019-11-18,87.28600311279297
2019-11-25,90.04000091552734
2019-12-02,87.58000183105469
2019-12-09,88.0469970703125
2019-12-16,89.32499694824219
2019-12-23,93.48999786376953
2019-12-30,93.74849700927734
2020-01-06,94.15799713134766
2020-01-13,93.23600006103516
2020-01-20,93.08200073242188
2020-01-27,100.43599700927734
2020-02-03,103.96399688720703
2020-02-10,106.74349975585938
2020-02-17,104.79850006103516
2020-02-24,94.1875
2020-03-02,95.05449676513672
2020-03-09,89.25
2020-03-16,92.30449676513672
2020-03-23,95.00499725341797
2020-03-30,95.32949829101562
2020-04-06,102.13800048828125
2020-04-13,118.75
2020-04-20,120.51100158691406
2020-04-27,114.302001953125
2020-05-04,118.98049926757812
2020-05-11,120.48899841308594
2020-05-18,121.84400177001953
2020-05-25,122.11849975585938
2020-06-01,124.1500015258789
2020-06-08,127.2509994506836
2020-06-15,133.75050354003906
2020-06-22,134.64349365234375
2020-06-29,144.51499938964844
2020-07-06,160.0
2020-07-13,148.09849548339844
2020-07-20,150.44549560546875
2020-07-27,158.23399353027344
2020-08-03,158.3730010986328
2020-08-10,157.4010009765625
2020-08-17,164.23599243164062
2020-08-24,170.08999633789062
2020-08-31,164.7310028076172
2020-09-07,155.81100463867188
2020-09-14,147.74549865722656
2020-09-21,154.75650024414062
2020-09-28,156.25
2020-10-05,164.33250427246094
2020-10-12,163.635498046875
2020-10-19,160.22000122070312
2020-10-26,151.8074951171875
2020-11-02,165.56849670410156
2020-11-09,156.4405059814453
2020-11-16,154.97000122070312
2020-11-23,159.76699829101562
2020-11-30,158.12899780273438
2020-12-07,155.8209991455078
2020-12-14,160.08250427246094
2020-12-21,158.63450622558594
2020-12-28,162.84649658203125
2021-01-04,159.13499450683594
2021-01-11,155.21249389648438
2021-01-18,164.6114959716797
2021-01-25,160.30999755859375
2021-02-01,167.6074981689453
2021-02-08,163.885498046875
2021-02-15,162.4949951171875
2021-02-22,154.64649963378906
2021-03-01,150.0229949951172
2021-03-08,154.47450256347656
2021-03-15,153.7480010986328
2021-03-22,152.60150146484375
2021-03-29,158.0500030517578
2021-04-05,168.61000061035156
2021-04-12,169.9720001220703
2021-04-19,167.04400634765625
2021-04-26,173.37100219726562
2021-05-03,164.58050537109375
2021-05-10,161.14500427246094
2021-05-17,160.1540069580078
2021-05-24,161.15350341796875
2021-05-31,160.31100463867188
2021-06-07,167.3415069580078
2021-06-14,174.34500122070312
2021-06-21,170.072998046875
2021-06-28,175.5489959716797
2021-07-05,185.9669952392578
2021-07-12,178.68150329589844
2021-07-19,182.83200073242188
2021-07-26,166.37950134277344
2021-08-02,167.2469940185547
2021-08-09,164.69850158691406
2021-08-16,159.99749755859375
2021-08-23,167.48150634765625
2021-08-30,173.90249633789062
2021-09-06,173.45750427246094
2021-09-13,173.12600708007812
2021-09-20,171.2760009765625
2021-09-27,164.16299438476562
2021-10-04,164.43099975585938
2021-10-11,170.4510040283203
2021-10-18,166.77749633789062
2021-10-25,168.6215057373047
2021-11-01,175.94949340820312
2021-11-08,176.25750732421875
2021-11-15,183.82850646972656
2021-11-22,175.22799682617188
2021-11-29,169.489501953125
2021-12-06,172.21200561523438
2021-12-13,170.0175018310547
2021-12-20,171.06849670410156
2021-12-27,166.7169952392578
2022-01-03,162.5540008544922
2022-01-10,162.13800048828125
2022-01-17,142.64300537109375
2022-01-24,143.97799682617188
2022-01-31,157.63949584960938
2022-02-07,153.2935028076172
2022-02-14,152.60150146484375
2022-02-21,153.7884979248047
2022-02-28,145.64100646972656
2022-03-07,145.52450561523438
2022-03-14,161.25050354003906
2022-03-21,164.77349853515625
2022-03-28,163.55999755859375
2022-04-04,154.4604949951172
2022-04-11,151.7064971923828
2022-04-18,144.35000610351562
2022-04-25,124.28150177001953
2022-05-02,114.77249908447266
2022-05-09,113.05500030517578
2022-05-16,107.59100341796875
2022-05-23,115.14649963378906
2022-05-30,122.3499984741211
2022-06-06,109.6500015258789
2022-06-13,106.22000122070312
2022-06-20,116.45999908447266
2022-06-27,109.55999755859375
2022-07-04,115.54000091552734
2022-07-11,113.55000305175781
2022-07-18,122.41999816894531
2022-07-25,134.9499969482422
2022-08-01,140.8000030517578
2022-08-08,143.5500030517578
2022-08-15,138.22999572753906
2022-08-22,130.75
2022-08-29,127.51000213623047
2022-09-05,133.27000427246094
2022-09-12,123.52999877929688
2022-09-19,113.77999877929688
2022-09-26,113.0
2022-10-03,114.55999755859375
2022-10-10,106.9000015258789
2022-10-17,119.31999969482422
2022-10-24,103.41000366210938
2022-10-31,90.9800033569336
2022-11-07,100.79000091552734
2022-11-14,94.13999938964844
2022-11-21,93.41000366210938
2022-11-28,94.12999725341797
2022-12-05,89.08999633789062
2022-12-12,87.86000061035156
2022-12-19,85.25
2022-12-26,84.0
2023-01-02,86.08000183105469
2023-01-09,98.12000274658203
2023-01-16,97.25
2023-01-23,102.23999786376953
2023-01-30,103.38999938964844
2023-02-06,97.61000061035156
2023-02-13,97.19999694824219
2023-02-20,93.5
2023-02-27,94.9000015258789
2023-03-06,90.7300033569336
2023-03-13,98.94999694824219
2023-03-20,98.12999725341797
2023-03-27,103.29000091552734
2023-04-03,102.05999755859375
2023-04-10,102.51000213623047
2023-04-17,106.95999908447266
2023-04-24,105.44999694824219
2023-05-01,105.66000366210938
2023-05-08,110.26000213623047
2023-05-15,116.25
2023-05-22,120.11000061035156
2023-05-29,124.25
2023-06-05,123.43000030517578
2023-06-12,125.48999786376953
2023-06-19,129.3300018310547
2023-06-26,130.36000061035156
2023-07-03,129.77999877929688
2023-07-10,134.67999267578125
2023-07-17,130.0
2023-07-24,132.2100067138672
2023-07-31,139.57000732421875
2023-08-07,138.41000366210938
2023-08-14,133.22000122070312
2023-08-21,133.25999450683594
2023-08-28,138.1199951171875
2023-09-04,138.22999572753906
2023-09-11,140.38999938964844
2023-09-18,129.1199951171875
2023-09-25,127.12000274658203
2023-10-02,127.95999908447266
2023-10-09,129.7899932861328
2023-10-16,125.16999816894531
2023-10-23,127.73999786376953
2023-10-30,138.60000610351562
2023-11-06,143.55999755859375
2023-11-13,145.17999267578125
2023-11-20,146.74000549316406
2023-11-27,147.02999877929688
2023-12-04,147.4199981689453
2023-12-11,149.97000122070312
2023-12-18,153.4199981689453
2023-12-25,151.94000244140625
2024-01-01,145.24000549316406
2024-01-08,154.6199951171875
2024-01-15,155.33999633789062
2024-01-22,159.1199951171875
2024-01-29,171.80999755859375
2024-02-05,174.4499969482422
2024-02-12,169.50999450683594
2024-02-19,174.99000549316406
2024-02-26,178.22000122070312
2024-03-04,175.35000610351562
2024-03-11,174.4199981689453
2024-03-18,178.8699951171875
2024-03-25,180.3800048828125
2024-04-01,185.07000732421875
2024-04-08,186.1300048828125
2024-04-15,174.6300048828125
2024-04-22,179.6199951171875
2024-04-29,186.2100067138672
2024-05-06,187.47999572753906
2024-05-13,184.6999969482422
2024-05-20,180.75
2024-05-27,176.44000244140625
2024-06-03,184.3000030517578
2024-06-10,183.66000366210938
2024-06-17,189.0800018310547
2024-06-24,193.25
2024-07-01,200.0
2024-07-08,194.49000549316406
2024-07-15,183.1300048828125
2024-07-22,182.5
2024-07-29,167.89999389648438
2024-08-05,166.94000244140625
2024-08-12,177.05999755859375
2024-08-19,177.0399932861328
2024-08-26,178.5
2024-09-02,171.38999938964844
2024-09-09,186.49000549316406
2024-09-16,191.60000610351562
2024-09-23,187.97000122070312
2024-09-30,186.50999450683594
2024-10-07,188.82000732421875
2024-10-14,188.99000549316406
2024-10-21,187.8300018310547
2024-10-28,197.92999267578125
2024-11-04,208.17999267578125
2024-11-11,202.61000061035156
2024-11-18,197.1199951171875
2024-11-25,207.88999938964844
2024-12-02,227.02999877929688
2024-12-09,227.4600067138672
2024-12-16,224.9199981689453
2024-12-23,223.75
2024-12-30,224.19000244140625
2025-01-06,218.94000244140625
2025-01-13,225.94000244140625
2025-01-20,234.85000610351562
2025-01-27,237.67999267578125
2025-02-03,229.14999389648438
2025-02-10,228.67999267578125
2025-02-17,216.5800018310547
2025-02-24,212.27999877929688
2025-03-03,199.25
2025-03-10,197.9499969482422
2025-03-17,196.2100067138672
2025-03-24,192.72000122070312
2025-03-31,171.0
2025-04-07,184.8699951171875
2025-04-14,172.61000061035156
2025-04-21,188.99000549316406
2025-04-28,189.97999572753906
2025-05-05,193.05999755859375
2025-05-12,205.58999633789062
2025-05-19,200.99000549316406
2025-05-26,205.00999450683594
2025-06-02,213.57000732421875
2025-06-09,212.10000610351562
2025-06-16,209.69000244140625
2025-06-23,223.3000030517578
2025-06-30,223.41000366210938
2025-07-07,225.02000427246094
2025-07-14,226.1300048828125
2025-07-21,231.44000244140625
2025-07-28,214.75
2025-08-04,222.69000244140625
2025-08-11,231.02999877929688
2025-08-18,228.83999633789062
2025-08-25,229.0
2025-09-01,232.3300018310547
2025-09-08,228.14999389648438
2025-09-15,231.47999572753906
2025-09-22,219.77999877929688
2025-09-29,219.50999450683594
2025-10-06,216.3699951171875
2025-10-13,213.0399932861328
2025-10-20,224.2100067138672
2025-10-27,244.22000122070312
2025-11-03,244.41000366210938
2025-11-10,234.69000244140625
2025-11-17,220.69000244140625
2025-11-24,233.22000122070312
2025-12-01,229.52999877929688
2025-12-08,226.19000244140625
2025-12-15,227.35000610351562
2025-12-22,232.52000427246094
2025-12-29,226.5
2026-01-05,247.3800048828125
2026-01-12,239.1199951171875
2026-01-19,239.16000366210938
2026-01-26,239.3000030517578
2026-02-02,210.32000732421875
2026-02-09,198.7899932861328
2026-02-16,210.11000061035156
2026-02-23,210.0
2026-03-02,213.2100067138672
2026-03-09,207.6699981689453
2026-03-16,205.3699951171875
2026-03-23,199.33999633789062
2026-03-30,209.77000427246094
2026-04-06,238.3800048828125
2026-04-13,250.55999755859375
2026-04-20,263.989990234375
2026-04-27,268.260009765625
2026-05-04,272.67999267578125
2026-05-11,264.1400146484375
2026-05-18,266.32000732421875
2026-05-25,270.6400146484375
2026-06-01,246.02999877929688
2026-06-08,238.5500030517578
2026-06-15,244.38999938964844
2026-06-22,232.69000244140625
2026-06-29,242.6699981689453
2026-07-06,245.33999633789062
2026-07-13,247.22999572753906
2026-07-20,232.11000061035156
2026-07-27,271.5799865722656
2026-08-03,274.4800109863281
2026-08-04,277.45001220703125
2026-08-07,274.4800109863281
2026-08-10,262.6499938964844
2026-08-14,262.6499938964844
2026-08-17,258.6300048828125
2026-08-21,258.6300048828125
2026-08-24,266.42999267578125
2026-08-28,266.42999267578125
2026-08-31,258.510009765625
2026-09-04,258.510009765625
